QuoteDate,SymbolId,SymbolName,DealVolume,DealCount,DealAmount,OpenPrice,HighPrice,LowPrice,ClosePrice,PriceChange,PriceChangeRatio,PERatio
2017/9/1,1101,台泥,4098028,1390,141910702,34.7,34.75,34.5,34.65,-0.2,-0.57,17.95
2017/9/1,1301,台塑,3610877,1717,338602683,93.8,94.2,93.4,93.7,-0.2,-0.21,13.86
2017/9/1,2002,中鋼,13662138,4757,343988883,25.15,25.25,25.1,25.15,-0.15,-0.59,22.46
2017/9/1,2330,台積電,17805405,6956,3851834126,215,217.5,215,216.5,0,0,16
2017/9/4,1101,台泥,3281172,1118,113226500,34.5,34.6,34.4,34.45,-0.2,-0.58,17.85
2017/9/4,1301,台塑,2698503,1536,254164482,94,94.5,93.8,94.5,0.8,0.85,13.98
2017/9/4,2002,中鋼,8328226,2847,209773338,25.15,25.25,25.15,25.2,0.05,0.2,22.5
2017/9/4,2330,台積電,15053185,8635,3273164145,216.5,218,215.5,217.5,1,0.46,16.08
2017/9/5,1101,台泥,6737186,1959,230731576,34.4,34.45,34.15,34.25,-0.2,-0.58,17.75
2017/9/5,1301,台塑,8095502,3620,766144476,94.5,95.3,94.1,95.3,0.8,0.85,14.1
2017/9/5,2002,中鋼,16371288,3521,412393750,25.15,25.3,25.15,25.3,0.1,0.4,22.59
2017/9/5,2330,台積電,34514275,7065,7503488603,218,218,216.5,218,0.5,0.23,16.11
2017/9/6,1101,台泥,4335726,1461,148040187,34.15,34.2,34.1,34.1,-0.15,-0.44,17.67
2017/9/6,1301,台塑,9395070,3269,893486000,95.2,95.4,94.3,95.4,0.1,0.1,14.11
2017/9/6,2002,中鋼,17886645,4240,449675394,25.25,25.25,25.05,25.05,-0.25,-0.99,22.37
2017/9/6,2330,台積電,28148528,6999,6117444609,216.5,218,216,217,-1,-0.46,16.04
2017/9/7,1101,台泥,8073415,2520,274158471,34.1,34.15,33.8,33.8,-0.3,-0.88,17.51
2017/9/7,1301,台塑,7167923,3812,688645008,95.5,96.7,95,95.8,0.4,0.42,14.17
2017/9/7,2002,中鋼,12149042,3759,304733884,25.1,25.2,25,25.15,0.1,0.4,22.46
2017/9/7,2330,台積電,19198540,6586,4170321680,218,218.5,216,217,0,0,16.04
2017/9/8,1101,台泥,4167136,2045,141609424,33.85,34.1,33.8,34.05,0.25,0.74,17.64
2017/9/8,1301,台塑,5878086,2899,566312063,95.8,97,95.4,97,1.2,1.25,14.35
2017/9/8,2002,中鋼,9560864,2984,240218209,25.1,25.2,25,25.2,0.05,0.2,22.5
2017/9/8,2330,台積電,25512045,7969,5549520265,217,218,216.5,218,1,0.46,16.11
2017/9/11,1101,台泥,4425075,2321,150117225,34,34,33.85,33.95,-0.1,-0.29,17.59
2017/9/11,1301,台塑,3353724,2161,322374901,96.8,96.9,95.9,95.9,-1.1,-1.13,14.19
2017/9/11,2002,中鋼,9330718,3206,235527156,25.2,25.3,25.1,25.3,0.1,0.4,22.59
2017/9/11,2330,台積電,19387886,5305,4215723762,219,219.5,216.5,217,-1,-0.46,16.04
2017/9/12,1101,台泥,5221796,2221,176811271,33.9,33.95,33.8,33.85,-0.1,-0.29,17.54
2017/9/12,1301,台塑,2760282,1278,264434912,96,96,95.5,95.8,-0.1,-0.1,14.17
2017/9/12,2002,中鋼,8352698,2605,210634155,25.3,25.3,25.1,25.3,0,0,22.59
2017/9/12,2330,台積電,24862321,5992,5437521978,219,219.5,217.5,219,2,0.92,16.19
2017/9/13,1101,台泥,4557103,1815,154031116,33.85,33.9,33.75,33.75,-0.1,-0.3,17.49
2017/9/13,1301,台塑,2415778,1451,230286119,96,96,95,95,-0.8,-0.84,14.05
2017/9/13,2002,中鋼,5789392,2570,145415057,25.3,25.3,25.05,25.05,-0.25,-0.99,22.37
2017/9/13,2330,台積電,18336541,4598,3998984438,217.5,219,217.5,218,-1,-0.46,16.11
2017/9/14,1101,台泥,5554074,1829,187387084,33.75,33.9,33.65,33.7,-0.05,-0.15,17.46
2017/9/14,1301,台塑,4004696,1662,378512357,94.2,94.9,94.2,94.6,-0.4,-0.42,13.99
2017/9/14,2002,中鋼,6999423,2848,175225075,25,25.1,25,25,-0.05,-0.2,22.32
2017/9/14,2330,台積電,21508567,6314,4701852606,218.5,219,217.5,218.5,0.5,0.23,16.15
2017/9/15,1101,台泥,10337792,1696,349125797,33.6,33.85,33.6,33.8,0.1,0.3,17.51
2017/9/15,1301,台塑,10587177,1640,1008804922,94.6,95.5,94.5,95.4,0.8,0.85,14.11
2017/9/15,2002,中鋼,33538848,6834,831275980,24.95,24.95,24.75,24.75,-0.25,-1,22.1
2017/9/15,2330,台積電,48901103,5253,10668230939,218.5,219,217,218.5,0,0,16.15
2017/9/18,1101,台泥,12690100,3778,433734501,34,34.5,33.85,34.3,0.5,1.48,17.77
2017/9/18,1301,台塑,3681982,1584,352020943,95.4,96,95.2,96,0.6,0.63,14.2
2017/9/18,2002,中鋼,11174742,4568,278790450,24.75,25.1,24.75,25.05,0.3,1.21,22.37
2017/9/18,2330,台積電,17812705,6714,3905801892,219,220,218,219.5,1,0.46,16.22
2017/9/19,1101,台泥,13942921,3593,472675701,34.05,34.15,33.8,33.95,-0.35,-1.02,17.59
2017/9/19,1301,台塑,3297716,1799,313163247,95.6,95.8,94.6,94.8,-1.2,-1.25,14.02
2017/9/19,2002,中鋼,8789063,3964,218640649,25,25,24.85,24.85,-0.2,-0.8,22.19
2017/9/19,2330,台積電,26255575,11072,5742129525,221.5,221.5,220,221.5,2,0.91,16.37
2017/9/20,1101,台泥,10624922,1973,361179340,33.9,34.1,33.85,33.9,-0.05,-0.15,17.56
2017/9/20,1301,台塑,3456165,1485,324581610,93.9,94.5,93.6,94.1,-0.7,-0.74,13.92
2017/9/20,2002,中鋼,26784640,9248,659038129,24.85,24.85,24.5,24.55,-0.3,-1.21,21.92
2017/9/20,2330,台積電,23434237,9347,5179958449,221,222,220,221.5,0,0,16.37
2017/9/21,1101,台泥,6009712,1405,203384631,33.85,33.9,33.75,33.8,-0.1,-0.29,17.51
2017/9/21,1301,台塑,2547209,1357,238788227,94,94.2,93.4,93.8,-0.3,-0.32,13.88
2017/9/21,2002,中鋼,12273612,4348,301401526,24.5,24.75,24.35,24.6,0.05,0.2,21.96
2017/9/21,2330,台積電,18645565,6604,4125047365,221,223,220,221,-0.5,-0.23,16.33
2017/9/22,1101,台泥,6641307,1583,224993742,33.85,33.95,33.8,33.9,0.1,0.3,17.56
2017/9/22,1301,台塑,2213404,1343,206247772,93.6,93.8,93,93,-0.8,-0.85,13.76
2017/9/22,2002,中鋼,20481801,6567,498495609,24.4,24.45,24.25,24.4,-0.2,-0.81,21.79
2017/9/22,2330,台積電,22456370,7431,4930530220,221.5,222,218.5,218.5,-2.5,-1.13,16.15
2017/9/25,1101,台泥,6548901,1894,222476334,33.9,34.1,33.85,34.05,0.15,0.44,17.64
2017/9/25,1301,台塑,3619626,1661,334722949,93.5,93.6,92.2,92.3,-0.7,-0.75,13.65
2017/9/25,2002,中鋼,12902922,5672,313053485,24.4,24.45,24.2,24.25,-0.15,-0.61,21.65
2017/9/25,2330,台積電,17458286,6250,3797761662,217.5,218.5,217,217,-1.5,-0.69,16.04
2017/9/26,1101,台泥,7144222,1165,242832611,33.9,34.05,33.9,34,-0.05,-0.15,17.62
2017/9/26,1301,台塑,2701160,1566,250551185,92.3,93,92.1,92.8,0.5,0.54,13.73
2017/9/26,2002,中鋼,10076307,3495,244244628,24.2,24.35,24.15,24.25,0,0,21.65
2017/9/26,2330,台積電,25003901,8768,5392244669,217.5,218,214,214,-3,-1.38,15.82
2017/9/27,1101,台泥,4358892,1076,148236418,33.9,34.1,33.9,33.95,-0.05,-0.15,17.59
2017/9/27,1301,台塑,1814796,1104,168817914,93,93.6,92.7,92.7,-0.1,-0.11,13.71
2017/9/27,2002,中鋼,9034893,2942,219363877,24.25,24.35,24.2,24.25,0,0,21.65
2017/9/27,2330,台積電,24794510,7326,5353580844,217.5,217.5,215,215,1,0.47,15.89
2017/9/28,1101,台泥,7011313,1849,237239221,33.9,33.95,33.65,33.8,-0.15,-0.44,17.51
2017/9/28,1301,台塑,5054708,2003,464151264,92.4,92.4,91.2,91.5,-1.2,-1.29,13.54
2017/9/28,2002,中鋼,12385903,4017,301096449,24.25,24.45,24.2,24.35,0.1,0.41,21.74
2017/9/28,2330,台積電,31616062,7749,6788534834,215,216,213.5,214,-1,-0.47,15.82
2017/9/29,1101,台泥,4506319,1454,152333218,33.8,33.85,33.7,33.8,0,0,17.51
2017/9/29,1301,台塑,4647750,1757,426531476,91,92.2,91,91.8,0.3,0.33,13.58
2017/9/29,2002,中鋼,11253180,3077,274193234,24.35,24.45,24.3,24.35,0,0,21.74
2017/9/29,2330,台積電,23954708,7507,5184362760,216,217.5,215.5,216.5,2.5,1.17,16
2017/9/30,1101,台泥,761927,396,25770226,33.8,33.85,33.75,33.8,0,0,17.51
2017/9/30,1301,台塑,1191990,592,109474950,92,92.4,91.7,91.8,0,0,13.58
2017/9/30,2002,中鋼,1510358,910,36864753,24.4,24.45,24.35,24.45,0.1,0.41,21.83
2017/9/30,2330,台積電,4254045,2446,924823765,218,218.5,216.5,216.5,0,0,16
2017/10/2,1101,台泥,3803348,1264,128252817,33.8,33.85,33.65,33.65,-0.15,-0.44,17.44
2017/10/2,1301,台塑,3302359,2042,303142527,92.2,92.4,91.6,91.8,0,0,13.58
2017/10/2,2002,中鋼,5432410,2252,133030580,24.45,24.55,24.4,24.5,0.05,0.2,21.88
2017/10/2,2330,台積電,28360551,10605,6233064680,219.5,220.5,218.5,220.5,4,1.85,16.3
2017/10/3,1101,台泥,2411654,896,81213873,33.7,33.75,33.65,33.7,0.05,0.15,17.46
2017/10/3,1301,台塑,5522989,2708,504053269,92.1,92.2,91.1,91.2,-0.6,-0.65,13.49
2017/10/3,2002,中鋼,8301039,2389,202815387,24.5,24.55,24.35,24.45,-0.05,-0.2,21.83
2017/10/3,2330,台積電,38330938,12703,8497244691,219,223,219,222.5,2,0.91,16.44
2017/10/5,1101,台泥,3818480,1174,128765103,33.65,33.8,33.65,33.8,0.1,0.3,17.51
2017/10/5,1301,台塑,3625390,1901,331510594,92,92,91.2,91.2,0,0,13.49
2017/10/5,2002,中鋼,7638161,2698,187655286,24.35,24.65,24.35,24.65,0.2,0.82,22.01
2017/10/5,2330,台積電,25397939,8601,5691251336,222,225.5,222,224.5,2,0.9,16.59
2017/10/6,1101,台泥,2930778,896,98897142,33.8,33.85,33.7,33.75,-0.05,-0.15,17.49
2017/10/6,1301,台塑,3374640,1286,310352380,91.5,92.2,91.4,92,0.8,0.88,13.61
2017/10/6,2002,中鋼,6051573,2221,148550341,24.6,24.65,24.5,24.6,-0.05,-0.2,21.96
2017/10/6,2330,台積電,16040516,7612,3604683862,225,225.5,223.5,224.5,0,0,16.59
2017/10/11,1101,台泥,9503497,2916,323233892,33.95,34.2,33.9,34,0.25,0.74,17.62
2017/10/11,1301,台塑,9828850,4433,922950700,92.9,94.4,92.9,94.4,2.4,2.61,13.96
2017/10/11,2002,中鋼,17936423,5514,437804114,24.35,24.55,24.3,24.45,-0.15,-0.61,21.83
2017/10/11,2330,台積電,67649562,20879,15633206754,226.5,233.5,226.5,233,8.5,3.79,17.22
2017/10/12,1101,台泥,4256541,2104,144486186,33.9,34.05,33.8,33.9,-0.1,-0.29,17.56
2017/10/12,1301,台塑,7579945,3275,716539290,93.9,95,93.9,94.6,0.2,0.21,13.99
2017/10/12,2002,中鋼,10610951,3248,259858576,24.35,24.7,24.3,24.7,0.25,1.02,22.05
2017/10/12,2330,台積電,44176186,16490,10450920432,235,237.5,234.5,237.5,4.5,1.93,17.55
2017/10/13,1101,台泥,3944986,2093,133407309,33.85,33.95,33.7,33.75,-0.15,-0.44,17.49
2017/10/13,1301,台塑,5044845,2178,472783190,94.5,94.5,93.4,93.5,-1.1,-1.16,13.83
2017/10/13,2002,中鋼,7401000,2409,182195510,24.7,24.7,24.5,24.7,0,0,22.05
2017/10/13,2330,台積電,23145071,10507,5465540327,237.5,237.5,234.5,237.5,0,0,17.55
2017/10/16,1101,台泥,3491566,1435,118098531,33.85,34,33.7,33.85,0.1,0.3,17.54
2017/10/16,1301,台塑,4088809,1693,381772086,93.5,93.9,93.2,93.2,-0.3,-0.32,13.79
2017/10/16,2002,中鋼,11924432,3945,295188014,24.7,24.85,24.6,24.85,0.15,0.61,22.19
2017/10/16,2330,台積電,20673072,6764,4906963355,237.5,238,236,238,0.5,0.21,17.59
2017/10/17,1101,台泥,2370225,935,80183514,33.9,33.9,33.75,33.9,0.05,0.15,17.56
2017/10/17,1301,台塑,5801207,2116,542137952,93.6,93.8,93.1,93.5,0.3,0.32,13.83
2017/10/17,2002,中鋼,7979427,2880,197836346,24.85,24.85,24.75,24.8,-0.05,-0.2,22.14
2017/10/17,2330,台積電,17652304,6336,4171891244,238,238,235,235.5,-2.5,-1.05,17.41
2017/10/18,1101,台泥,4344694,1763,146921797,33.95,33.95,33.75,33.8,-0.1,-0.29,17.51
2017/10/18,1301,台塑,4945464,1821,460317641,93.9,93.9,92.8,93,-0.5,-0.53,13.76
2017/10/18,2002,中鋼,7787854,3141,192771341,24.8,24.85,24.65,24.85,0.05,0.2,22.19
2017/10/18,2330,台積電,28970850,10330,6901364183,239.5,239.5,237,237.5,2,0.85,17.55
2017/10/19,1101,台泥,5175271,1612,174679775,33.75,33.85,33.7,33.75,-0.05,-0.15,17.49
2017/10/19,1301,台塑,2605572,1576,242342845,93.1,93.5,92.8,92.8,-0.2,-0.22,13.73
2017/10/19,2002,中鋼,6594589,3132,163440907,24.85,24.85,24.7,24.85,0,0,22.19
2017/10/19,2330,台積電,23481776,9033,5636769464,239.5,241.5,239,239,1.5,0.63,17.66
2017/10/20,1101,台泥,5544845,1630,187026560,33.7,33.9,33.55,33.9,0.15,0.44,17.56
2017/10/20,1301,台塑,4885657,1728,453095017,92.7,93,92.5,92.8,0,0,13.73
2017/10/20,2002,中鋼,6450347,2109,159587493,24.8,24.8,24.6,24.75,-0.1,-0.4,22.1
2017/10/20,2330,台積電,27056035,7206,6456386670,238,239.5,237.5,237.5,-1.5,-0.63,17.55
2017/10/23,1101,台泥,4129404,1641,139534351,33.7,33.9,33.7,33.8,-0.1,-0.29,17.51
2017/10/23,1301,台塑,3507091,1913,322332913,92.8,93.1,91.2,91.7,-1.1,-1.19,13.57
2017/10/23,2002,中鋼,4997942,1946,123824661,24.75,24.8,24.75,24.8,0.05,0.2,22.14
2017/10/23,2330,台積電,15959559,6686,3820927681,239,240,238.5,239,1.5,0.63,17.66
2017/10/24,1101,台泥,4539778,2001,152577358,33.65,33.75,33.5,33.55,-0.25,-0.74,17.38
2017/10/24,1301,台塑,3962262,1850,364252896,92,92.3,91.7,92,0.3,0.33,13.61
2017/10/24,2002,中鋼,6176139,1914,152690228,24.75,24.75,24.65,24.75,-0.05,-0.2,22.1
2017/10/24,2330,台積電,16100570,6034,3842463252,240,240,238,238,-1,-0.42,17.59
2017/10/25,1101,台泥,3160308,1369,106006857,33.5,33.6,33.5,33.5,-0.05,-0.15,17.36
2017/10/25,1301,台塑,2460787,1013,226233404,92.2,92.2,91.8,92,0,0,13.61
2017/10/25,2002,中鋼,8882903,3229,219699740,24.7,24.8,24.65,24.75,0,0,22.1
2017/10/25,2330,台積電,17205187,5808,4099505436,238.5,239,237.5,238,0,0,17.59
2017/10/26,1101,台泥,2953836,1152,99016195,33.55,33.65,33.45,33.45,-0.05,-0.15,17.33
2017/10/26,1301,台塑,2692466,1518,247058052,91.7,92,91.5,92,0,0,13.61
2017/10/26,2002,中鋼,5619283,2217,138864415,24.75,24.8,24.65,24.7,-0.05,-0.2,22.05
2017/10/26,2330,台積電,12959717,4947,3069618429,237,238,236,236,-2,-0.84,17.44
2017/10/27,1101,台泥,3308600,1155,110789904,33.5,33.65,33.4,33.45,0,0,17.33
2017/10/27,1301,台塑,1802753,1008,165868808,92.8,92.8,91.7,91.9,-0.1,-0.11,13.59
2017/10/27,2002,中鋼,7874936,2387,194234548,24.7,24.75,24.6,24.65,-0.05,-0.2,22.01
2017/10/27,2330,台積電,18040541,5715,4304460160,237.5,240,237.5,239,3,1.27,17.66
2017/10/30,1101,台泥,2933919,1098,98275575,33.5,33.55,33.45,33.45,0,0,17.33
2017/10/30,1301,台塑,2394696,1055,219886022,92.1,92.3,91.6,91.6,-0.3,-0.33,13.55
2017/10/30,2002,中鋼,9327798,2435,230190000,24.65,24.8,24.6,24.65,0,0,22.01
2017/10/30,2330,台積電,30241990,10609,7358619170,242,245,241.5,243,4,1.67,17.96
2017/10/31,1101,台泥,4424791,1903,148411440,33.4,33.75,33.4,33.5,0.05,0.15,17.36
2017/10/31,1301,台塑,4120436,2015,378154721,91.5,92.4,91.2,91.9,0.3,0.33,13.59
2017/10/31,2002,中鋼,10377671,3185,255521167,24.7,24.75,24.55,24.55,-0.1,-0.41,21.92
2017/10/31,2330,台積電,22582013,8176,5497062659,243.5,245,241.5,243,0,0,17.96
2017/11/1,1101,台泥,2575942,1153,86451888,33.65,33.65,33.5,33.6,0.1,0.3,17.41
2017/11/1,1301,台塑,3410931,1819,312154566,92,92.1,91.3,91.4,-0.5,-0.54,13.52
2017/11/1,2002,中鋼,9568188,3978,235014831,24.7,24.7,24.5,24.5,-0.05,-0.2,21.88
2017/11/1,2330,台積電,20465054,6464,4975624502,243.5,245,241.5,242.5,-0.5,-0.21,17.92
2017/11/2,1101,台泥,2410203,981,81204243,33.6,33.8,33.6,33.6,0,0,17.41
2017/11/2,1301,台塑,1997507,1124,183019777,91.2,91.9,91.2,91.5,0.1,0.11,13.54
2017/11/2,2002,中鋼,9968888,4498,245958934,24.55,24.75,24.5,24.6,0.1,0.41,21.96
2017/11/2,2330,台積電,16309342,5912,3940181714,242,242.5,240.5,241,-1.5,-0.62,17.81
2017/11/3,1101,台泥,1352829,424,45568789,33.6,33.7,33.6,33.7,0.1,0.3,17.46
2017/11/3,1301,台塑,1991518,1103,183351980,91.6,92.5,91.6,92.5,1,1.09,13.68
2017/11/3,2002,中鋼,4897131,1999,120674595,24.6,24.7,24.55,24.7,0.1,0.41,22.05
2017/11/3,2330,台積電,18327682,5621,4386122470,240.5,241,238.5,239,-2,-0.83,17.66
2017/11/6,1101,台泥,3349093,1177,112741565,33.65,33.75,33.5,33.7,0,0,17.46
2017/11/6,1301,台塑,2568233,1615,235794859,91.8,92.2,91.5,91.8,-0.7,-0.76,13.58
2017/11/6,2002,中鋼,5576710,2047,137393578,24.6,24.7,24.55,24.7,0,0,22.05
2017/11/6,2330,台積電,21029515,6601,5063670900,243.5,244,239,239.5,0.5,0.21,17.7
2017/11/7,1101,台泥,3346840,1180,112186981,33.65,33.7,33.4,33.4,-0.3,-0.89,17.31
2017/11/7,1301,台塑,3564214,1818,329457425,91.9,92.7,91.9,92.7,0.9,0.98,13.71
2017/11/7,2002,中鋼,4640150,2121,114431418,24.6,24.7,24.55,24.7,0,0,22.05
2017/11/7,2330,台積電,21689261,6729,5266500464,242,244,241.5,244,4.5,1.88,18.03
2017/11/8,1101,台泥,2979585,1262,99779241,33.5,33.6,33.4,33.5,0.1,0.3,17.36
2017/11/8,1301,台塑,2695041,1638,248645452,92.7,92.8,91.9,92.3,-0.4,-0.43,13.65
2017/11/8,2002,中鋼,6802558,2645,167342378,24.6,24.7,24.55,24.55,-0.15,-0.61,21.92
2017/11/8,2330,台積電,14579103,4610,3536455029,243,243.5,242,242.5,-1.5,-0.61,17.92
2017/11/9,1101,台泥,4348717,1289,145790712,33.6,33.65,33.45,33.5,0,0,17.36
2017/11/9,1301,台塑,3783314,2070,348534296,92.6,92.6,91.8,92.1,-0.2,-0.22,13.62
2017/11/9,2002,中鋼,7292043,3213,179644229,24.55,24.7,24.55,24.7,0.15,0.61,22.05
2017/11/9,2330,台積電,21366949,6339,5151628572,240.5,243,240,241,-1.5,-0.62,17.81
2017/11/10,1101,台泥,4460138,1973,149392367,33.5,33.7,33.35,33.55,0.05,0.15,17.38
2017/11/10,1301,台塑,4132354,1308,377820501,92,92.3,91.5,92.1,0,0,13.62
2017/11/10,2002,中鋼,6206822,1966,152713326,24.65,24.7,24.5,24.6,-0.1,-0.4,21.96
2017/11/10,2330,台積電,15061296,4465,3629826936,240,242,239.5,240.5,-0.5,-0.21,17.78
2017/11/13,1101,台泥,5119785,1850,172091490,33.6,33.7,33.5,33.65,0.1,0.3,18.39
2017/11/13,1301,台塑,4733295,2288,439868197,92.1,93.5,91.8,93,0.9,0.98,12.19
2017/11/13,2002,中鋼,7605332,2854,187318171,24.6,24.7,24.5,24.65,0.05,0.2,22.01
2017/11/13,2330,台積電,12087858,4288,2904559294,240,241.5,239.5,239.5,-1,-0.42,17.7
2017/11/14,1101,台泥,2527525,806,85064443,33.65,33.75,33.55,33.65,0,0,18.39
2017/11/14,1301,台塑,3128311,1625,290459476,92.5,93.5,92.5,92.6,-0.4,-0.43,12.14
2017/11/14,2002,中鋼,8301413,3001,204625078,24.65,24.7,24.6,24.6,-0.05,-0.2,26.74
2017/11/14,2330,台積電,17229176,4130,4132433432,241,241,239,240,0.5,0.21,18.09
2017/11/15,1101,台泥,22812777,7647,788592214,33.95,34.95,33.95,34.7,1.05,3.12,18.96
2017/11/15,1301,台塑,7014076,4180,651920416,93,93.3,92.7,92.7,0.1,0.11,12.15
2017/11/15,2002,中鋼,18850264,4222,462181357,24.55,24.6,24.4,24.4,-0.2,-0.81,26.52
2017/11/15,2330,台積電,29720308,9224,7063591898,239,239.5,236,237.5,-2.5,-1.04,17.9
2017/11/16,1101,台泥,8848867,3225,306155817,34.8,34.85,34.25,34.3,-0.4,-1.15,18.74
2017/11/16,1301,台塑,2964804,1548,273963883,92.3,92.8,92.1,92.3,-0.4,-0.43,12.1
2017/11/16,2002,中鋼,12972395,4705,315814786,24.3,24.4,24.25,24.3,-0.1,-0.41,26.41
2017/11/16,2330,台積電,17274172,5683,4118927788,238,240,237.5,238,0.5,0.21,17.94
2017/11/17,1101,台泥,7145532,3095,247515593,34.5,34.75,34.5,34.65,0.35,1.02,18.93
2017/11/17,1301,台塑,3982123,1956,367497688,92.3,92.7,92,92.1,-0.2,-0.22,12.07
2017/11/17,2002,中鋼,8288127,2858,202382783,24.4,24.5,24.35,24.4,0.1,0.41,26.52
2017/11/17,2330,台積電,18741825,5647,4528440917,240.5,242.5,240.5,241.5,3.5,1.47,18.2
2017/11/20,1101,台泥,5643344,2098,194779002,34.5,34.8,34.2,34.2,-0.45,-1.3,18.69
2017/11/20,1301,台塑,2632293,1744,243348897,92,92.6,92,92.5,0.4,0.43,12.12
2017/11/20,2002,中鋼,9599041,3195,233785037,24.3,24.4,24.3,24.35,-0.05,-0.2,26.47
2017/11/20,2330,台積電,19811271,5935,4744311377,241,241.5,238,238.5,-3,-1.24,17.97
2017/11/21,1101,台泥,4933093,2042,169680122,34.25,34.55,34.25,34.35,0.15,0.44,18.77
2017/11/21,1301,台塑,5023284,2785,464044528,92.3,92.8,92.1,92.1,-0.4,-0.43,12.07
2017/11/21,2002,中鋼,10811315,3591,263396181,24.3,24.45,24.3,24.3,-0.05,-0.21,26.41
2017/11/21,2330,台積電,22878024,7942,5529803248,240,243,239.5,243,4.5,1.89,18.31
2017/11/22,1101,台泥,6629869,2904,228445765,34.35,34.7,34.3,34.7,0.35,1.02,18.96
2017/11/22,1301,台塑,7911452,3176,735337836,92.6,93.5,92.4,92.5,0.4,0.43,12.12
2017/11/22,2002,中鋼,14836774,5066,363870727,24.45,24.6,24.35,24.6,0.3,1.23,26.74
2017/11/22,2330,台積電,27251431,7655,6631376152,244.5,244.5,242,242,-1,-0.41,18.24
2017/11/23,1101,台泥,7662588,3790,264907273,34.5,34.85,34.35,34.5,-0.2,-0.58,18.85
2017/11/23,1301,台塑,6534056,2881,608153608,93,93.4,92.6,93.4,0.9,0.97,12.24
2017/11/23,2002,中鋼,5920665,2779,145579849,24.6,24.65,24.5,24.65,0.05,0.2,26.79
2017/11/23,2330,台積電,9562763,4253,2320934646,242,243.5,241.5,242.5,0.5,0.21,18.27
2017/11/24,1101,台泥,26124974,3002,873229549,34.4,34.75,34.35,34.55,0.05,0.14,18.88
2017/11/24,1301,台塑,4811782,1942,447717014,93.6,93.6,92.5,92.5,-0.9,-0.96,12.12
2017/11/24,2002,中鋼,6640760,2284,162581305,24.6,24.65,24.4,24.4,-0.25,-1.01,26.52
2017/11/24,2330,台積電,11404453,3910,2777319771,242,244.5,241.5,244,1.5,0.62,18.39
2017/11/27,1101,台泥,12051257,2510,406727962,34.6,34.6,34.25,34.4,-0.15,-0.43,18.8
2017/11/27,1301,台塑,6011485,2183,559345660,92.6,93.3,92.5,93.3,0.8,0.86,12.23
2017/11/27,2002,中鋼,6258861,2618,153021493,24.4,24.5,24.4,24.4,0,0,26.52
2017/11/27,2330,台積電,32247327,14743,7696717391,240,240,237,237,-7,-2.87,17.86
2017/11/28,1101,台泥,12572523,5293,424181979,34.2,34.25,33.6,33.6,-0.8,-2.33,18.36
2017/11/28,1301,台塑,5841496,2297,544940209,93.3,93.5,93,93.4,0.1,0.11,12.24
2017/11/28,2002,中鋼,6953419,2444,169442405,24.4,24.45,24.3,24.35,-0.05,-0.2,26.47
2017/11/28,2330,台積電,47834178,15262,11198457400,234.5,235,233,234,-3,-1.27,17.63
2017/11/29,1101,台泥,8504909,2695,288239821,33.65,34,33.65,33.9,0.3,0.89,18.52
2017/11/29,1301,台塑,6139465,1581,574133217,93.4,93.7,93.4,93.6,0.2,0.21,12.27
2017/11/29,2002,中鋼,12042881,5123,293564360,24.35,24.5,24.3,24.45,0.1,0.41,26.58
2017/11/29,2330,台積電,26535797,6976,6234161137,235,236,234.5,234.5,0.5,0.21,17.67
2017/11/30,1101,台泥,26474022,3951,890683320,33.9,33.95,33.55,33.55,-0.35,-1.03,18.33
2017/11/30,1301,台塑,17032427,2811,1554920957,93.6,93.8,90.6,90.6,-3,-3.21,11.87
2017/11/30,2002,中鋼,25843785,4472,632037298,24.45,24.5,24.3,24.5,0.05,0.2,26.63
2017/11/30,2330,台積電,112262770,21352,25539072296,226.5,230.5,226,226,-8.5,-3.62,17.03
2017/12/1,1101,台泥,7123033,3333,240051899,33.9,33.9,33.55,33.7,0.15,0.45,18.42
2017/12/1,1301,台塑,7625912,3439,704887645,91.5,93.2,91.5,92.8,2.2,2.43,12.16
2017/12/1,2002,中鋼,10946837,3547,267686247,24.45,24.55,24.35,24.45,-0.05,-0.2,26.58
2017/12/1,2330,台積電,38356265,17632,8830392980,228.5,233.5,227.5,231,5,2.21,17.41
2017/12/4,1101,台泥,6593409,2242,223261358,33.6,33.95,33.55,33.95,0.25,0.74,18.55
2017/12/4,1301,台塑,4721151,2977,440204743,92.8,93.6,92.4,93.3,0.5,0.54,12.23
2017/12/4,2002,中鋼,12438720,4611,305779545,24.4,24.7,24.35,24.7,0.25,1.02,26.85
2017/12/4,2330,台積電,22939032,7763,5347622547,232.5,234.5,231,234,3,1.3,17.63
2017/12/5,1101,台泥,9422890,3570,318060752,33.9,33.95,33.6,33.95,0,0,18.55
2017/12/5,1301,台塑,6271908,3208,586602558,92.9,93.8,92.9,93.6,0.3,0.32,12.27
2017/12/5,2002,中鋼,11434412,4187,281806147,24.5,24.7,24.5,24.65,-0.05,-0.2,26.79
2017/12/5,2330,台積電,30189765,11202,6938661754,231,231,228.5,229.5,-4.5,-1.92,17.29
2017/12/6,1101,台泥,22611757,6963,771496136,33.9,34.65,33.8,33.8,-0.15,-0.44,18.47
2017/12/6,1301,台塑,5130656,2875,476549326,93.5,93.5,92.5,93,-0.6,-0.64,12.19
2017/12/6,2002,中鋼,16415194,6813,401304839,24.6,24.6,24.3,24.5,-0.15,-0.61,26.63
2017/12/6,2330,台積電,34031690,10749,7752572207,228,229.5,226.5,227,-2.5,-1.09,17.11
2017/12/7,1101,台泥,13793636,1832,467875848,34,34.15,33.85,33.9,0.1,0.3,18.52
2017/12/7,1301,台塑,6570650,2490,612327877,93,93.8,92.7,93,0,0,12.19
2017/12/7,2002,中鋼,11239578,3461,275097311,24.45,24.55,24.4,24.45,-0.05,-0.2,26.58
2017/12/7,2330,台積電,41619903,13336,9349711831,226.5,226.5,222.5,226.5,-0.5,-0.22,17.07
2017/12/8,1101,台泥,3200243,1303,108157713,33.95,34.05,33.7,33.8,-0.1,-0.29,18.47
2017/12/8,1301,台塑,6343520,2048,591152660,93,93.5,92.8,93,0,0,12.19
2017/12/8,2002,中鋼,9881089,2688,241000135,24.35,24.45,24.35,24.4,-0.05,-0.2,26.52
2017/12/8,2330,台積電,38183260,9485,8678808540,231,231,224.5,227,0.5,0.22,17.11
2017/12/11,1101,台泥,2431644,1165,82663518,33.9,34.1,33.7,34.1,0.3,0.89,18.63
2017/12/11,1301,台塑,4343412,1769,405577104,93.4,94,92.9,92.9,-0.1,-0.11,12.18
2017/12/11,2002,中鋼,9895328,3003,240976467,24.3,24.4,24.3,24.35,-0.05,-0.2,26.47
2017/12/11,2330,台積電,20649609,6384,4706571094,228.5,229,227,227.5,0.5,0.22,17.14
2017/12/12,1101,台泥,3099372,1388,104896946,34.1,34.1,33.7,33.9,-0.2,-0.59,18.52
2017/12/12,1301,台塑,4189213,2000,389850009,92.5,93.4,92.5,93.3,0.4,0.43,12.23
2017/12/12,2002,中鋼,13300069,4320,323008085,24.3,24.35,24.25,24.3,-0.05,-0.21,26.41
2017/12/12,2330,台積電,28188584,6210,6399536562,229.5,229.5,225,227.5,0,0,17.14
2017/12/13,1101,台泥,2613981,835,88878939,33.9,34.1,33.8,34.1,0.2,0.59,18.63
2017/12/13,1301,台塑,3776144,2051,352456804,93.3,93.6,92.9,93.5,0.2,0.21,12.25
2017/12/13,2002,中鋼,14151140,4530,343226478,24.25,24.3,24.15,24.3,0,0,26.41
2017/12/13,2330,台積電,19619331,6108,4454578768,227.5,228,226.5,227,-0.5,-0.22,17.11
2017/12/14,1101,台泥,3018536,1472,102968463,34.1,34.2,34.05,34.1,0,0,18.63
2017/12/14,1301,台塑,5820689,2367,546794767,93.7,94.2,93.5,93.9,0.4,0.43,12.31
2017/12/14,2002,中鋼,16095427,4353,390770579,24.25,24.35,24.25,24.25,-0.05,-0.21,26.36
2017/12/14,2330,台積電,17263313,6689,3956456249,228,230.5,227.5,230.5,3.5,1.54,17.37
2017/12/15,1101,台泥,10035129,1960,340415547,34.1,34.1,33.65,34,-0.1,-0.29,18.58
2017/12/15,1301,台塑,8448534,1812,789336991,93.8,93.9,93.3,93.3,-0.6,-0.64,12.23
2017/12/15,2002,中鋼,24160518,3974,585748477,24.25,24.3,24.2,24.25,0,0,26.36
2017/12/15,2330,台積電,42725779,7602,9781791170,228.5,230,226.5,230,-0.5,-0.22,17.33
2017/12/18,1101,台泥,4315751,2003,146648234,34.05,34.1,33.85,34.1,0.1,0.29,18.63
2017/12/18,1301,台塑,7429342,3067,703814216,94.1,95.2,93.9,94.7,1.4,1.5,12.41
2017/12/18,2002,中鋼,7698239,2963,186808700,24.3,24.3,24.2,24.25,0,0,26.36
2017/12/18,2330,台積電,15702664,5961,3565805928,227,228,226.5,227,-3,-1.3,17.11
2017/12/19,1101,台泥,9853266,2026,338303062,34.15,34.6,34,34.45,0.35,1.03,18.83
2017/12/19,1301,台塑,6183364,2206,586805343,94.3,95.4,94.3,94.8,0.1,0.11,12.42
2017/12/19,2002,中鋼,14685920,4036,355311801,24.3,24.35,24.15,24.15,-0.1,-0.41,26.25
2017/12/19,2330,台積電,25899129,7609,5844605314,226.5,228.5,224,225,-2,-0.88,16.96
2017/12/20,1101,台泥,12409979,3548,428826211,34.45,34.7,34.35,34.55,0.1,0.29,18.88
2017/12/20,1301,台塑,2974398,1531,282311453,94.9,95.2,94.6,94.8,0,0,12.42
2017/12/20,2002,中鋼,10260308,3833,248323550,24.15,24.3,24.15,24.2,0.05,0.21,26.3
2017/12/20,2330,台積電,34514333,10336,7748610375,225,225.5,223.5,224.5,-0.5,-0.22,16.92
2017/12/21,1101,台泥,6137501,1154,212322178,34.5,34.7,34.45,34.55,0,0,18.88
2017/12/21,1301,台塑,3603020,1421,342839774,94.9,95.5,94.3,94.9,0.1,0.11,12.44
2017/12/21,2002,中鋼,8032489,3911,195236175,24.2,24.35,24.2,24.25,0.05,0.21,26.36
2017/12/21,2330,台積電,20826164,5893,4696105505,226.5,227,224.5,225,0.5,0.22,16.96
2017/12/22,1101,台泥,25247556,5151,884212516,34.55,35.3,34.5,35.15,0.6,1.74,19.21
2017/12/22,1301,台塑,6583169,1997,628514005,95.1,96,95,95.4,0.5,0.53,12.5
2017/12/22,2002,中鋼,10261101,2439,250177753,24.3,24.45,24.25,24.45,0.2,0.82,26.58
2017/12/22,2330,台積電,19106483,6146,4315809802,225,227.5,224,227.5,2.5,1.11,17.14
2017/12/25,1101,台泥,15153859,5787,543236324,35.3,36.25,35.1,36.15,1,2.84,19.75
2017/12/25,1301,台塑,2370999,1585,227241782,95.5,96.1,95.2,96,0.6,0.63,12.58
2017/12/25,2002,中鋼,3904333,1370,95107698,24.3,24.4,24.3,24.35,-0.1,-0.41,26.47
2017/12/25,2330,台積電,4579675,2288,1045118165,228,229.5,226.5,228.5,1,0.44,17.22
2017/12/26,1101,台泥,18802178,7927,683520276,36.1,36.5,35.95,36.4,0.25,0.69,19.89
2017/12/26,1301,台塑,3163803,1643,303606118,95.9,96.3,95.6,96,0,0,12.58
2017/12/26,2002,中鋼,8770995,2465,214115519,24.4,24.5,24.35,24.4,0.05,0.21,26.52
2017/12/26,2330,台積電,13755843,3550,3118538018,229,229,225,226,-2.5,-1.09,17.03
2017/12/27,1101,台泥,8808450,3132,319904500,36.1,36.45,36,36.2,-0.2,-0.55,19.78
2017/12/27,1301,台塑,10769918,5754,1051498364,95.8,98.7,95.8,98.5,2.5,2.6,12.91
2017/12/27,2002,中鋼,20326314,4049,498060241,24.35,24.6,24.35,24.55,0.15,0.61,26.68
2017/12/27,2330,台積電,12515245,5717,2820168625,225,226,225,225,-1,-0.44,16.96
2017/12/28,1101,台泥,7612103,2577,275264758,36.1,36.25,36,36.2,0,0,19.78
2017/12/28,1301,台塑,8999759,4558,876615626,98.4,98.8,96.8,96.9,-1.6,-1.62,12.7
2017/12/28,2002,中鋼,16072922,3690,396049704,24.6,24.7,24.55,24.7,0.15,0.61,26.85
2017/12/28,2330,台積電,24370371,7413,5521736966,226.5,228,225,226,1,0.44,17.03
2017/12/29,1101,台泥,13039478,3330,474385049,36.2,36.8,36.1,36.45,0.25,0.69,19.92
2017/12/29,1301,台塑,11516397,5136,1130932233,97.2,98.7,97,98.7,1.8,1.86,12.94
2017/12/29,2002,中鋼,11108750,3135,274524862,24.7,24.75,24.6,24.75,0.05,0.2,26.9
2017/12/29,2330,台積電,25610443,8325,5861624377,227.5,230,226.5,229.5,3.5,1.55,17.29
2018/1/2,1101,台泥,13698944,3932,499370945,36.45,36.6,36.05,36.55,0.1,0.27,19.97
2018/1/2,1301,台塑,5407964,3402,528887150,98.6,98.6,97.2,98.1,-0.6,-0.61,12.86
2018/1/2,2002,中鋼,8305886,3958,204950796,24.75,24.75,24.65,24.7,-0.05,-0.2,26.85
2018/1/2,2330,台積電,18055269,9954,4188555408,231.5,232.5,231,232.5,3,1.31,17.52
2018/1/3,1101,台泥,19959825,5001,737353608,36.5,37.35,36.25,37.35,0.8,2.19,20.41
2018/1/3,1301,台塑,6459420,4058,633537060,98.1,98.5,97.7,98.5,0.4,0.41,12.91
2018/1/3,2002,中鋼,25990159,8507,645461850,24.7,24.9,24.65,24.9,0.2,0.81,27.07
2018/1/3,2330,台積電,31706091,13633,7504382512,236,238,235.5,237,4.5,1.94,17.86
2018/1/4,1101,台泥,14927721,5698,555392977,37.35,37.45,36.75,37.2,-0.15,-0.4,20.33
2018/1/4,1301,台塑,6986409,3706,687262891,98.5,98.6,98,98.5,0,0,12.91
2018/1/4,2002,中鋼,26619434,9306,663203341,24.9,25,24.8,24.8,-0.1,-0.4,26.96
2018/1/4,2330,台積電,29179613,10953,6963192636,240,240,236.5,239.5,2.5,1.05,18.05
2018/1/5,1101,台泥,35536815,7554,1325926954,37.5,37.5,37.05,37.3,0.1,0.27,20.38
2018/1/5,1301,台塑,5955166,2165,586058168,98.6,98.9,98.3,98.4,-0.1,-0.1,12.9
2018/1/5,2002,中鋼,24308761,7601,606066713,24.8,25,24.8,24.95,0.15,0.6,27.12
2018/1/5,2330,台積電,23721255,8659,5681934695,240,240,238,240,0.5,0.21,18.09
2018/1/8,1101,台泥,22660681,7513,858574153,37.4,38.3,37.2,38.2,0.9,2.41,20.87
2018/1/8,1301,台塑,11285468,4958,1116173732,98.5,99.5,98.4,99.5,1.1,1.12,13.04
2018/1/8,2002,中鋼,35395360,11066,892588989,25,25.4,25,25.25,0.3,1.2,27.45
2018/1/8,2330,台積電,21846692,10251,5281823362,242,242.5,240.5,242,2,0.83,18.24
2018/1/9,1101,台泥,19053008,6170,728607834,38.1,38.55,37.9,38.3,0.1,0.26,20.93
2018/1/9,1301,台塑,12461880,5976,1259020460,100,102.5,99.7,102.5,3,3.02,13.43
2018/1/9,2002,中鋼,23166626,5251,583325465,25.25,25.25,25.05,25.25,0,0,27.45
2018/1/9,2330,台積電,19043123,7124,4588314012,242,242,239.5,242,0,0,18.24
2018/1/10,1101,台泥,11674625,4366,447720584,38.3,38.5,38,38.45,0.15,0.39,21.01
2018/1/10,1301,台塑,11932854,5269,1210224283,102.5,103,100.5,101,-1.5,-1.46,13.24
2018/1/10,2002,中鋼,25070638,10218,634393091,25.05,25.4,25.05,25.3,0.05,0.2,27.5
2018/1/10,2330,台積電,25716220,10534,6118683273,241.5,242,236,236.5,-5.5,-2.27,17.82
2018/1/11,1101,台泥,35062055,10505,1322632044,38.3,38.35,37.45,37.5,-0.95,-2.47,20.49
2018/1/11,1301,台塑,8914169,4248,894924952,101,101,99.9,101,0,0,13.24
2018/1/11,2002,中鋼,16562682,6152,418926528,25.3,25.35,25.2,25.3,0,0,27.5
2018/1/11,2330,台積電,32070338,9199,7500674455,235,236,232.5,235,-1.5,-0.63,17.71
2018/1/12,1101,台泥,18804747,7168,707643024,37.75,37.95,37.35,37.6,0.1,0.27,20.55
2018/1/12,1301,台塑,8389184,4165,853410084,101.5,102.5,101,101.5,0.5,0.5,13.3
2018/1/12,2002,中鋼,22910587,5422,581111367,25.3,25.4,25.3,25.35,0.05,0.2,27.55
2018/1/12,2330,台積電,23141291,7905,5463302207,234.5,238,233.5,237,2,0.85,17.86
2018/1/15,1101,台泥,9637157,2849,363246276,37.65,37.85,37.55,37.85,0.25,0.66,20.68
2018/1/15,1301,台塑,5556338,2581,564750771,102,102.5,101,102,0.5,0.49,13.37
2018/1/15,2002,中鋼,14756678,3963,370917500,25.3,25.4,25,25.1,-0.25,-0.99,27.28
2018/1/15,2330,台積電,28576533,9756,6832851887,240,240,238,240,3,1.27,18.09
2018/1/16,1101,台泥,9338163,3315,354474155,37.95,38.1,37.7,38.1,0.25,0.66,20.82
2018/1/16,1301,台塑,4222104,2288,428988034,102,102,101,102,0,0,13.37
2018/1/16,2002,中鋼,10552218,3542,265156090,25.1,25.2,25.05,25.2,0.1,0.4,27.39
2018/1/16,2330,台積電,23407632,8156,5609009540,240,240.5,238,240.5,0.5,0.21,18.12
2018/1/17,1101,台泥,12716828,4645,487501985,38,38.5,37.9,38.5,0.4,1.05,21.04
2018/1/17,1301,台塑,6013639,2991,611708831,102,102,101,102,0,0,13.37
2018/1/17,2002,中鋼,15670908,4027,394874024,25.2,25.25,25.1,25.15,-0.05,-0.2,27.34
2018/1/17,2330,台積電,38118119,12593,9207582787,240.5,243,239,242,1.5,0.62,18.24
2018/1/18,1101,台泥,13010910,3842,497368272,38.6,38.65,37.75,37.85,-0.65,-1.69,20.68
2018/1/18,1301,台塑,6107542,2216,622969242,102.5,102.5,101.5,101.5,-0.5,-0.49,13.3
2018/1/18,2002,中鋼,17324125,4613,436268075,25.15,25.3,25.05,25.15,0,0,27.34
2018/1/18,2330,台積電,50119952,19482,12406562364,245,250,245,248.5,6.5,2.69,18.73
2018/1/19,1101,台泥,8346117,2707,316437594,37.95,38.1,37.75,37.9,0.05,0.13,20.71
2018/1/19,1301,台塑,9174676,3354,920398100,101.5,102,99.6,100.5,-1,-0.99,13.17
2018/1/19,2002,中鋼,10683523,4681,267763925,25.05,25.1,25,25.1,-0.05,-0.2,27.28
2018/1/19,2330,台積電,55061292,18801,13975174348,253.5,255.5,251.5,255.5,7,2.82,19.25
2018/1/22,1101,台泥,8771524,2258,330896083,37.9,37.9,37.55,37.85,-0.05,-0.13,20.68
2018/1/22,1301,台塑,5928323,2101,598295123,100,101.5,100,101.5,1,1,13.3
2018/1/22,2002,中鋼,16438336,6204,411723400,25.1,25.1,24.9,25.05,-0.05,-0.2,27.23
2018/1/22,2330,台積電,45907509,13558,11934882643,257.5,262,257,261.5,6,2.35,19.71
2018/1/23,1101,台泥,13647470,4030,507908931,37.8,37.8,36.85,37.3,-0.55,-1.45,20.38
2018/1/23,1301,台塑,7400715,3953,740098518,101.5,101.5,99.7,100,-1.5,-1.48,13.11
2018/1/23,2002,中鋼,8916992,3906,222618130,25.05,25.1,24.9,25,-0.05,-0.2,27.17
2018/1/23,2330,台積電,34606444,13993,9155080569,262.5,266,262.5,266,4.5,1.72,20.05
2018/1/24,1101,台泥,8517283,3140,316930360,37.45,37.45,36.9,37.3,0,0,20.38
2018/1/24,1301,台塑,5319042,2896,529043730,100,100,99.1,99.2,-0.8,-0.8,13
2018/1/24,2002,中鋼,12781259,4561,317821351,24.95,25,24.75,25,0,0,27.17
2018/1/24,2330,台積電,42600813,17287,11022372004,263,263,256.5,258,-8,-3.01,19.44
2018/1/25,1101,台泥,6043087,2619,226919435,37.3,37.65,37.25,37.6,0.3,0.8,20.55
2018/1/25,1301,台塑,8247459,4207,830594559,99.8,101.5,99.8,101.5,2.3,2.32,13.3
2018/1/25,2002,中鋼,18229257,7450,456121875,25,25.2,24.85,25.1,0.1,0.4,27.28
2018/1/25,2330,台積電,46214756,15826,11981089514,258,264,256.5,258,0,0,19.44
2018/1/26,1101,台泥,10584133,3584,401558643,37.75,38.2,37.5,38.2,0.6,1.6,20.87
2018/1/26,1301,台塑,11595624,4601,1188858772,102.5,103.5,101.5,103.5,2,1.97,13.56
2018/1/26,2002,中鋼,14516386,6104,362500120,25.1,25.15,24.85,25.1,0,0,27.28
2018/1/26,2330,台積電,43514523,12821,11101977348,256.5,257.5,253.5,255,-3,-1.16,19.22
2018/1/29,1101,台泥,5861953,2264,222753951,38.3,38.4,37.7,37.95,-0.25,-0.65,20.74
2018/1/29,1301,台塑,5874749,2640,609489396,104,104.5,103,104.5,1,0.97,13.7
2018/1/29,2002,中鋼,13857634,3994,347105150,25.1,25.15,24.9,25.15,0.05,0.2,27.34
2018/1/29,2330,台積電,31306234,12211,8067780117,259,261.5,255,258.5,3.5,1.37,19.48
2018/1/30,1101,台泥,5942325,2442,224959885,38,38.05,37.7,37.9,-0.05,-0.13,20.71
2018/1/30,1301,台塑,7071554,2736,729046275,104,104,102.5,103,-1.5,-1.44,13.5
2018/1/30,2002,中鋼,15492518,4167,388898194,25.1,25.25,24.9,24.9,-0.25,-0.99,27.07
2018/1/30,2330,台積電,37410591,12987,9523980994,256,257.5,252.5,253,-5.5,-2.13,19.07
2018/1/31,1101,台泥,5410009,1594,203905328,37.6,37.9,37.35,37.65,-0.25,-0.66,20.57
2018/1/31,1301,台塑,9843041,3194,1014482303,101.5,104.5,100.5,103.5,0.5,0.49,13.56
2018/1/31,2002,中鋼,14948030,4269,372305253,24.9,25.1,24.8,24.9,0,0,27.07
2018/1/31,2330,台積電,45807808,13553,11670582000,253,257.5,252,255,2,0.79,19.22
2018/2/1,1101,台泥,3056615,1646,115669003,37.65,37.95,37.65,37.9,0.25,0.66,20.71
2018/2/1,1301,台塑,6629228,3740,683334849,103.5,104.5,102,103,-0.5,-0.48,13.5
2018/2/1,2002,中鋼,9567757,2468,238364688,24.9,25.1,24.85,24.85,-0.05,-0.2,27.01
2018/2/1,2330,台積電,30900457,13598,8022694430,257.5,261,257,259.5,4.5,1.76,19.56
2018/2/2,1101,台泥,5492531,1625,207486099,38,38,37.4,37.9,0,0,20.71
2018/2/2,1301,台塑,9482105,5189,955141800,102,102.5,99.9,100,-3,-2.91,13.11
2018/2/2,2002,中鋼,9433343,3849,234237819,24.8,24.95,24.8,24.8,-0.05,-0.2,26.96
2018/2/2,2330,台積電,25707560,11404,6633344540,259,260,255,259.5,0,0,19.56
2018/2/5,1101,台泥,6630801,2573,248021263,37.1,37.8,37.1,37.8,-0.1,-0.26,20.66
2018/2/5,1301,台塑,8092788,4180,806957800,98,101,98,100.5,0.5,0.5,13.17
2018/2/5,2002,中鋼,19986224,6901,490818388,24.7,24.75,24.45,24.5,-0.3,-1.21,26.63
2018/2/5,2330,台積電,46554379,16909,11742299859,251,254.5,250.5,253,-6.5,-2.5,19.07
2018/2/6,1101,台泥,25755973,7529,918764863,36.8,36.8,34.8,35.5,-2.3,-6.08,19.4
2018/2/6,1301,台塑,13388745,6017,1300179249,97.8,98.5,95.5,96.7,-3.8,-3.78,12.67
2018/2/6,2002,中鋼,43282064,17110,1026615800,24,24.1,23.5,23.6,-0.9,-3.67,25.65
2018/2/6,2330,台積電,104448048,35455,24944565955,242.5,243.5,234,239,-14,-5.53,18.01
2018/2/7,1101,台泥,12732168,4546,463756335,36.1,36.8,36,36.4,0.9,2.54,19.89
2018/2/7,1301,台塑,15188424,5834,1530016793,98.7,102,98.7,101,4.3,4.45,13.24
2018/2/7,2002,中鋼,29762627,10366,708912347,23.95,24,23.6,23.6,0,0,25.65
2018/2/7,2330,台積電,82299178,22962,19903032966,245,245.5,239.5,240,1,0.42,18.09
2018/2/8,1101,台泥,7998055,2424,293917031,36.55,36.85,36.5,36.75,0.35,0.96,20.08
2018/2/8,1301,台塑,7319637,3450,733254900,100.5,101,99.2,100,-1,-0.99,13.11
2018/2/8,2002,中鋼,23354645,5357,554299630,23.85,23.95,23.6,23.75,0.15,0.64,25.82
2018/2/8,2330,台積電,31192550,10274,7468970072,239.5,242,238,238.5,-1.5,-0.63,17.97
2018/2/9,1101,台泥,13739138,5837,488833188,35.3,36.2,35.1,35.6,-1.15,-3.13,19.45
2018/2/9,1301,台塑,14136932,6718,1384997039,98,99.1,97.1,97.8,-2.2,-2.2,12.82
2018/2/9,2002,中鋼,26464398,7457,624753590,23.5,23.75,23.35,23.75,0,0,25.82
2018/2/9,2330,台積電,65939265,19749,15227192540,230,233,228.5,232.5,-6,-2.52,17.52
2018/2/12,1101,台泥,6017173,2135,215201803,35.6,36.2,35.3,35.95,0.35,0.98,19.64
2018/2/12,1301,台塑,11698080,5062,1180804200,99,102.5,98.9,101,3.2,3.27,13.24
2018/2/12,2002,中鋼,18390119,5960,436180841,23.7,23.8,23.65,23.65,-0.1,-0.42,25.71
2018/2/12,2330,台積電,42917236,10851,10113012768,235.5,237.5,235,236.5,4,1.72,17.82
2018/2/21,1101,台泥,9178788,3741,339595610,37,37.2,36.55,37.2,1.25,3.48,20.33
2018/2/21,1301,台塑,12949645,6312,1342091213,103.5,104.5,102.5,104,3,2.97,13.63
2018/2/21,2002,中鋼,29489016,9154,712375636,24,24.5,23.8,24.5,0.85,3.59,26.63
2018/2/21,2330,台積電,76396174,21512,18582475956,244.5,244.5,242,242.5,6,2.54,18.33
2018/2/22,1101,台泥,6138179,2558,224393609,36.8,36.95,36.35,36.5,-0.7,-1.88,19.95
2018/2/22,1301,台塑,8043397,4628,819304494,102.5,103,101,102.5,-1.5,-1.44,13.43
2018/2/22,2002,中鋼,23506854,6460,568220921,24.3,24.3,24,24.3,-0.2,-0.82,26.41
2018/2/22,2330,台積電,45492993,10071,10977665819,244,244,239,239.5,-3,-1.24,18.1
2018/2/23,1101,台泥,5017144,2833,184380011,36.6,36.95,36.55,36.85,0.35,0.96,20.14
2018/2/23,1301,台塑,5546374,2743,572815022,103,104,102.5,104,1.5,1.46,13.63
2018/2/23,2002,中鋼,24951170,8288,609016332,24.3,24.55,24.25,24.5,0.2,0.82,26.63
2018/2/23,2330,台積電,26985776,10178,6578657620,241,245,241,245,5.5,2.3,18.52
2018/2/26,1101,台泥,5246439,2438,192657340,36.95,37,36.55,36.55,-0.3,-0.81,19.97
2018/2/26,1301,台塑,5961635,2720,620740405,104,104.5,103.5,103.5,-0.5,-0.48,13.56
2018/2/26,2002,中鋼,13138559,5985,319667512,24.5,24.6,24.2,24.2,-0.3,-1.22,26.3
2018/2/26,2330,台積電,36165810,12565,8910352170,247,247.5,245,246.5,1.5,0.61,18.63
2018/2/27,1101,台泥,9255910,2358,340904713,36.7,37,36.6,37,0.45,1.23,20.22
2018/2/27,1301,台塑,6175277,2603,639783531,104,104,103,103.5,0,0,13.56
2018/2/27,2002,中鋼,20438627,6234,494003763,24.45,24.5,24.1,24.1,-0.1,-0.41,26.2
2018/2/27,2330,台積電,44699119,10908,11061945363,250.5,250.5,246,246,-0.5,-0.2,18.59
2018/3/1,1101,台泥,7530036,2961,278203432,37.15,37.2,36.6,37,0,0,20.22
2018/3/1,1301,台塑,8005672,4592,817816044,101.5,103,101.5,102,-1.5,-1.45,13.37
2018/3/1,2002,中鋼,25194618,7658,611588435,24.05,24.5,24,24.4,0.3,1.24,26.52
2018/3/1,2330,台積電,43847984,11589,10669194561,244,245,242,243,-3,-1.22,18.37
2018/3/2,1101,台泥,6095003,3079,224110679,36.5,37,36.5,36.9,-0.1,-0.27,20.16
2018/3/2,1301,台塑,6901619,2867,693839189,100.5,101.5,100,100.5,-1.5,-1.47,13.17
2018/3/2,2002,中鋼,24193500,9487,580446397,24.05,24.15,23.9,23.95,-0.45,-1.84,26.03
2018/3/2,2330,台積電,35289170,10440,8453712014,240,241,238.5,240,-3,-1.23,18.14
2018/3/5,1101,台泥,6828678,2527,249056104,36.7,36.8,36.15,36.3,-0.6,-1.63,19.84
2018/3/5,1301,台塑,6323089,2084,640953989,101.5,102,101,101,0.5,0.5,13.24
2018/3/5,2002,中鋼,31262182,12351,738014876,23.9,23.9,23.5,23.6,-0.35,-1.46,25.65
2018/3/5,2330,台積電,27337846,9321,6607367732,242.5,243,240.5,241.5,1.5,0.63,18.25
2018/3/6,1101,台泥,3208042,1419,117279222,36.55,36.75,36.45,36.5,0.2,0.55,19.95
2018/3/6,1301,台塑,3035161,1438,307740761,101.5,102,101,101.5,0.5,0.5,13.3
2018/3/6,2002,中鋼,10217906,5718,242015708,23.8,23.85,23.6,23.7,0.1,0.42,25.76
2018/3/6,2330,台積電,36945780,13977,9155812210,245.5,250,245.5,250,8.5,3.52,18.9
2018/3/7,1101,台泥,3702388,1893,134990952,36.3,36.6,36.3,36.4,-0.1,-0.27,19.89
2018/3/7,1301,台塑,6297219,2940,640538719,101.5,102,101,101.5,0,0,13.3
2018/3/7,2002,中鋼,21375900,8700,503691015,23.7,23.75,23.5,23.5,-0.2,-0.84,25.54
2018/3/7,2330,台積電,30391219,10521,7525601638,248,248.5,246,247,-3,-1.2,18.67
2018/3/8,1101,台泥,3690385,1302,134537198,36.4,36.65,36.4,36.4,0,0,19.89
2018/3/8,1301,台塑,3936734,2140,399386634,101.5,102,101,101.5,0,0,13.3
2018/3/8,2002,中鋼,17846863,8475,419538412,23.55,23.7,23.45,23.5,0,0,25.54
2018/3/8,2330,台積電,20645694,8817,5172732531,249.5,251.5,249,249.5,2.5,1.01,18.86
2018/3/9,1101,台泥,3977028,1585,145440864,36.5,36.7,36.45,36.65,0.25,0.69,20.03
2018/3/9,1301,台塑,4052036,2490,409577636,101.5,102,100.5,101.5,0,0,13.3
2018/3/9,2002,中鋼,14120354,6723,332419904,23.5,23.65,23.5,23.6,0.1,0.43,25.65
2018/3/9,2330,台積電,22887063,7050,5723277170,250,251,248.5,250.5,1,0.4,18.93
2018/3/12,1101,台泥,6559562,2610,242981049,36.7,37.2,36.7,37.2,0.55,1.5,20.33
2018/3/12,1301,台塑,4017408,2070,413661795,102,103.5,102,103.5,2,1.97,13.56
2018/3/12,2002,中鋼,14223731,5706,337091732,23.75,23.8,23.6,23.7,0.1,0.42,25.76
2018/3/12,2330,台積電,25100615,10550,6370529728,252,255,251.5,254,3.5,1.4,19.2
2018/3/13,1101,台泥,8746005,3488,326719917,37,37.55,36.95,37.5,0.3,0.81,20.49
2018/3/13,1301,台塑,4958418,2350,509224824,103,103.5,102,103,-0.5,-0.48,13.5
2018/3/13,2002,中鋼,24457365,7132,580718533,23.85,23.9,23.65,23.85,0.15,0.63,25.92
2018/3/13,2330,台積電,34264883,11700,8816553606,255.5,259,255,259,5,1.97,19.58
2018/3/14,1101,台泥,5039751,2192,189232577,37.5,37.7,37.3,37.5,0,0,20.49
2018/3/14,1301,台塑,9619803,1960,982638806,101.5,103,101.5,102,-1,-0.97,13.37
2018/3/14,2002,中鋼,10458025,5669,249233986,23.9,23.9,23.75,23.85,0,0,25.92
2018/3/14,2330,台積電,24254838,8518,6220805864,256.5,257.5,255.5,257,-2,-0.77,19.43
2018/3/15,1101,台泥,4967923,2132,186767744,37.35,37.7,37.35,37.6,0.1,0.27,20.55
2018/3/15,1301,台塑,2079018,920,212806336,102,103,102,102,0,0,13.37
2018/3/15,2002,中鋼,10181685,4549,242380583,23.85,23.9,23.75,23.75,-0.1,-0.42,25.82
2018/3/15,2330,台積電,19396493,5945,4965546715,258,258,255,255,-2,-0.78,19.27
2018/3/16,1101,台泥,10191776,2572,381840244,37.6,37.7,37,37.6,0,0,20.55
2018/3/16,1301,台塑,14426484,5010,1466816108,101.5,103,100.5,102,0,0,13.37
2018/3/16,2002,中鋼,34241985,6282,812284499,23.8,23.9,23.7,23.7,-0.05,-0.21,25.76
2018/3/16,2330,台積電,62989326,18058,15930805360,253,256,249.5,255,0,0,19.27
2018/3/19,1101,台泥,1979911,1122,74117085,37.45,37.55,37.2,37.55,-0.05,-0.13,20.52
2018/3/19,1301,台塑,2730782,1605,280176134,102,103,102,103,1,0.98,13.5
2018/3/19,2002,中鋼,7397994,4345,175959455,23.7,23.9,23.7,23.9,0.2,0.84,25.98
2018/3/19,2330,台積電,22440766,9888,5679567964,252.5,255.5,251,255,0,0,19.27
2018/3/20,1101,台泥,4111790,1869,152892358,37.35,37.35,36.95,37.35,-0.2,-0.53,20.41
2018/3/20,1301,台塑,10131377,4653,1061391208,103,106,102.5,105,2,1.94,13.76
2018/3/20,2002,中鋼,11190178,4842,266161024,23.8,23.85,23.7,23.75,-0.15,-0.63,25.82
2018/3/20,2330,台積電,22335151,9334,5640426203,253,254,251.5,253,-2,-0.78,19.12
2018/3/21,1101,台泥,3697305,1340,137932173,37.45,37.45,37.15,37.35,0,0,20.41
2018/3/21,1301,台塑,9481523,3957,1008226650,105.5,107,104.5,106.5,1.5,1.43,13.96
2018/3/21,2002,中鋼,9817148,3561,233527980,23.8,23.85,23.75,23.75,0,0,25.82
2018/3/21,2330,台積電,32977737,11575,8325162114,255,255,251,252.5,-0.5,-0.2,19.09
2018/3/22,1101,台泥,5532247,2428,207487077,37.35,37.65,37.3,37.55,0.2,0.54,20.52
2018/3/22,1301,台塑,15997422,5028,1689003888,107,108,103.5,104,-2.5,-2.35,13.4
2018/3/22,2002,中鋼,10936647,5110,260491609,23.8,23.9,23.75,23.85,0.1,0.42,25.92
2018/3/22,2330,台積電,27000718,10475,6797045014,254.5,254.5,249.5,251.5,-1,-0.4,19.01
2018/3/23,1101,台泥,7492897,3518,276252089,36.8,37,36.65,37,-0.55,-1.46,20.22
2018/3/23,1301,台塑,9129141,4330,942024164,103,104.5,102,104.5,0.5,0.48,13.47
2018/3/23,2002,中鋼,21586642,9177,507403880,23.65,23.65,23.45,23.5,-0.35,-1.47,25.54
2018/3/23,2330,台積電,52974390,20513,12994667867,245,247,244,245,-6.5,-2.58,18.52
2018/3/26,1101,台泥,4166613,1699,152510668,36.85,36.9,36.35,36.6,-0.4,-1.08,20
2018/3/26,1301,台塑,4293123,3020,444215711,104,105,103,103.5,-1,-0.96,13.34
2018/3/26,2002,中鋼,13701322,5797,319955569,23.4,23.45,23.3,23.45,-0.05,-0.21,25.49
2018/3/26,2330,台積電,39487945,11404,9582954454,241.5,244.5,241.5,243.5,-1.5,-0.61,18.41
2018/3/27,1101,台泥,4487686,2089,166089382,36.8,37.2,36.8,37.15,0.55,1.5,20.3
2018/3/27,1301,台塑,4117006,2205,429169124,104,105,103.5,105,1.5,1.45,13.53
2018/3/27,2002,中鋼,10481252,4016,246699248,23.5,23.6,23.5,23.55,0.1,0.43,25.6
2018/3/27,2330,台積電,31100260,11698,7732298021,248,251,247,251,7.5,3.08,18.97
2018/3/28,1101,台泥,2851838,1499,105431406,37.1,37.1,36.8,37,-0.15,-0.4,20.22
2018/3/28,1301,台塑,3673021,2502,380612663,104,105,103,103,-2,-1.9,13.27
2018/3/28,2002,中鋼,7084591,3957,165972785,23.55,23.55,23.4,23.4,-0.15,-0.64,25.43
2018/3/28,2330,台積電,29924411,13041,7349468217,247.5,248,244,245,-6,-2.39,18.52
2018/3/29,1101,台泥,5977425,2984,218628760,36.65,36.8,36.35,36.55,-0.45,-1.22,19.97
2018/3/29,1301,台塑,5704137,2762,588448111,103,104,102.5,103,0,0,13.27
2018/3/29,2002,中鋼,19957874,9226,464043351,23.4,23.45,23.2,23.2,-0.2,-0.85,21.28
2018/3/29,2330,台積電,36427345,12832,8888435870,243,247,242.5,244,-1,-0.41,18.44
2018/3/30,1101,台泥,5089666,2590,186072529,36.5,36.8,36.4,36.6,0.05,0.14,20.45
2018/3/30,1301,台塑,5408535,2501,558410605,104,104,102.5,103.5,0.5,0.49,13.34
2018/3/30,2002,中鋼,11548942,5054,270934173,23.35,23.55,23.3,23.5,0.3,1.29,21.56
2018/3/30,2330,台積電,16996346,7578,4212690462,247.5,249.5,246,246,2,0.82,18.59
2018/3/31,1101,台泥,2174618,1642,79636264,36.6,36.7,36.55,36.55,-0.05,-0.14,20.42
2018/3/31,1301,台塑,1419374,976,147130199,103.5,104,103.5,104,0.5,0.48,13.4
2018/3/31,2002,中鋼,6288021,3613,147785154,23.55,23.6,23.45,23.45,-0.05,-0.21,21.51
2018/3/31,2330,台積電,3603912,2409,893664176,247.5,249,246.5,247.5,1.5,0.61,18.71
2018/4/2,1101,台泥,2845216,2109,104324632,36.55,36.85,36.5,36.65,0.1,0.27,20.47
2018/4/2,1301,台塑,4305063,2631,443262943,104,104,102.5,102.5,-1.5,-1.44,13.21
2018/4/2,2002,中鋼,8901255,3666,209334730,23.5,23.65,23.45,23.5,0.05,0.21,21.56
2018/4/2,2330,台積電,19029003,6951,4702581241,248.5,249,245,246.5,-1,-0.4,18.63
2018/4/3,1101,台泥,5855277,2567,214333753,36.3,36.95,36.2,36.95,0.3,0.82,20.64
2018/4/3,1301,台塑,6155163,4635,626600126,102.5,103,101.5,102,-0.5,-0.49,13.14
2018/4/3,2002,中鋼,14009186,5006,327784092,23.45,23.55,23.35,23.35,-0.15,-0.64,21.42
2018/4/3,2330,台積電,35813944,13270,8710200224,243,244.5,242,244,-2.5,-1.01,18.44
2018/4/9,1101,台泥,7648516,2870,285007547,37.4,37.45,37.15,37.35,0.4,1.08,20.87
2018/4/9,1301,台塑,6874298,4309,713987492,103.5,105,103,105,3,2.94,13.53
2018/4/9,2002,中鋼,19119678,7267,451400393,23.6,23.8,23.45,23.8,0.45,1.93,21.83
2018/4/9,2330,台積電,35465824,12437,8716801768,248,248,243.5,245,1,0.41,18.52
2018/4/10,1101,台泥,15951693,6656,604662034,37.25,38.4,37.25,38.2,0.85,2.28,21.34
2018/4/10,1301,台塑,5144973,3039,540252165,105.5,105.5,104,105.5,0.5,0.48,13.6
2018/4/10,2002,中鋼,18088318,5385,427616135,23.6,23.75,23.55,23.75,-0.05,-0.21,21.79
2018/4/10,2330,台積電,25268994,11912,6231896018,244.5,249,243.5,245.5,0.5,0.2,18.56
2018/4/11,1101,台泥,9408389,5317,361132372,38.45,38.8,38.15,38.45,0.25,0.65,21.48
2018/4/11,1301,台塑,4165952,2268,438358960,105.5,106,104.5,105.5,0,0,13.6
2018/4/11,2002,中鋼,13740006,5184,324990717,23.75,23.8,23.55,23.6,-0.15,-0.63,21.65
2018/4/11,2330,台積電,21777935,8813,5391978180,246.5,248.5,246.5,248,2.5,1.02,18.75
2018/4/12,1101,台泥,5506470,3253,210110310,38.6,38.6,37.9,38.1,-0.35,-0.91,21.28
2018/4/12,1301,台塑,4719478,2518,498792407,105.5,106.5,105,106.5,1,0.95,13.72
2018/4/12,2002,中鋼,12251582,5321,288138527,23.6,23.6,23.4,23.6,0,0,21.65
2018/4/12,2330,台積電,20476657,6898,5028226522,248.5,248.5,244,245,-3,-1.21,18.52
2018/4/13,1101,台泥,4607344,2125,175864974,38,38.4,37.9,38.2,0.1,0.26,21.34
2018/4/13,1301,台塑,6443152,3241,686829112,106.5,107,106,106.5,0,0,13.72
2018/4/13,2002,中鋼,7976091,3833,187428422,23.6,23.6,23.45,23.45,-0.15,-0.64,21.51
2018/4/13,2330,台積電,19946548,5549,4885963546,246,246,244,244.5,-0.5,-0.2,18.48
2018/4/16,1101,台泥,3419974,2141,130154801,38,38.25,37.9,38.25,0.05,0.13,21.37
2018/4/16,1301,台塑,6573590,2873,701649130,106,108,105,107.5,1,0.94,13.85
2018/4/16,2002,中鋼,5931955,3038,139206435,23.5,23.6,23.4,23.45,0,0,21.51
2018/4/16,2330,台積電,21608528,8436,5251556179,243,244,242,243.5,-1,-0.41,18.41
2018/4/17,1101,台泥,7776022,3297,294965319,38.25,38.25,37.6,38,-0.25,-0.65,21.23
2018/4/17,1301,台塑,7230505,3336,766212430,107.5,107.5,105,106,-1.5,-1.4,13.66
2018/4/17,2002,中鋼,12561259,5572,293033909,23.45,23.5,23.25,23.3,-0.15,-0.64,21.38
2018/4/17,2330,台積電,42756389,18381,10232256860,243,243.5,237.5,238,-5.5,-2.26,17.99
2018/4/18,1101,台泥,4558474,2060,173762726,38,38.35,38,38.2,0.2,0.53,21.34
2018/4/18,1301,台塑,4491930,2008,476372080,106,107,105.5,106,0,0,13.66
2018/4/18,2002,中鋼,8963785,4083,209368582,23.3,23.45,23.3,23.4,0.1,0.43,21.47
2018/4/18,2330,台積電,44768048,12132,10668587090,239.5,241.5,236.5,238,0,0,17.99
2018/4/19,1101,台泥,14831475,6361,575151141,38.1,39.2,38,39,0.8,2.09,21.79
2018/4/19,1301,台塑,8085060,2848,854311300,105,106.5,105,105.5,-0.5,-0.47,13.6
2018/4/19,2002,中鋼,13469784,5321,318277939,23.4,23.7,23.4,23.7,0.3,1.28,21.74
2018/4/19,2330,台積電,33230989,10987,8081404960,242,244.5,241,244.5,6.5,2.73,18.48
2018/4/20,1101,台泥,12463820,4834,486178653,38.9,39.3,38.6,38.75,-0.25,-0.64,21.65
2018/4/20,1301,台塑,6013248,2665,637480788,105.5,106.5,105.5,106.5,1,0.95,13.72
2018/4/20,2002,中鋼,11241679,4452,265807011,23.7,23.75,23.55,23.65,-0.05,-0.21,21.7
2018/4/20,2330,台積電,129890087,46349,29837344632,228,231.5,228,229,-15.5,-6.34,17.31
2018/4/23,1101,台泥,4833651,2431,188012218,38.75,39.1,38.7,38.9,0.15,0.39,21.73
2018/4/23,1301,台塑,4598371,2113,486547455,106.5,106.5,105,105.5,-1,-0.94,13.6
2018/4/23,2002,中鋼,10969108,4293,257461341,23.5,23.6,23.35,23.6,-0.05,-0.21,21.65
2018/4/23,2330,台積電,71901975,22048,16282275410,226.5,227.5,225,226.5,-2.5,-1.09,17.12
2018/4/24,1101,台泥,37557211,13090,1522904651,39.5,41,39.5,40.85,1.95,5.01,22.82
2018/4/24,1301,台塑,7080016,3223,736632164,105.5,105.5,103.5,104,-1.5,-1.42,13.4
2018/4/24,2002,中鋼,12010257,3897,280834051,23.5,23.6,23.3,23.3,-0.3,-1.27,21.38
2018/4/24,2330,台積電,45206892,13970,10233860296,225,227.5,225,227,0.5,0.22,17.16
2018/4/25,1101,台泥,15615426,5537,629724668,40.65,40.9,39.85,40.2,-0.65,-1.59,22.46
2018/4/25,1301,台塑,7722581,4632,789194843,103,103,101.5,103,-1,-0.96,13.27
2018/4/25,2002,中鋼,13132137,3737,306226203,23.3,23.4,23.25,23.4,0.1,0.43,21.47
2018/4/25,2330,台積電,48975110,15136,11032111105,225.5,226,224,225,-2,-0.88,17.01
2018/4/26,1101,台泥,14998877,5027,608909480,40.25,40.9,40.25,40.5,0.3,0.75,22.63
2018/4/26,1301,台塑,5393699,2951,560560833,103,104.5,103,104,1,0.97,13.4
2018/4/26,2002,中鋼,11424341,4193,266369892,23.4,23.45,23.25,23.35,-0.05,-0.21,21.42
2018/4/26,2330,台積電,48176657,16253,10766085521,225,225.5,221,222,-3,-1.33,16.78
2018/4/27,1101,台泥,11059291,4273,447114898,40.9,40.9,40.1,40.3,-0.2,-0.49,22.51
2018/4/27,1301,台塑,4604564,2439,480757156,104.5,105,103.5,104.5,0.5,0.48,13.47
2018/4/27,2002,中鋼,11673573,4947,272302339,23.35,23.45,23.25,23.4,0.05,0.21,21.47
2018/4/27,2330,台積電,34443459,10859,7679131764,225,225.5,221,223.5,1.5,0.68,16.89
2018/4/30,1101,台泥,13728774,7609,556321565,40.7,40.85,40.15,40.85,0.55,1.36,22.82
2018/4/30,1301,台塑,6042021,2895,633271277,105.5,106,104,104.5,0,0,13.47
2018/4/30,2002,中鋼,13608637,4238,318429731,23.4,23.5,23.3,23.5,0.1,0.43,21.56
2018/4/30,2330,台積電,28500789,9480,6448117416,224.5,228,222.5,227,3.5,1.57,17.16
2018/5/2,1101,台泥,15413381,5448,632421831,40.85,41.4,40.7,40.85,0,0,22.82
2018/5/2,1301,台塑,3830653,1919,403739565,104,106,104,105.5,1,0.96,13.6
2018/5/2,2002,中鋼,17805055,6864,422811041,23.6,24,23.6,23.65,0.15,0.64,21.7
2018/5/2,2330,台積電,38436942,11445,8633492540,227,227.5,222.5,223,-4,-1.76,16.75
2018/5/3,1101,台泥,16810513,5987,669544643,40.65,40.8,39.15,39.4,-1.45,-3.55,22.01
2018/5/3,1301,台塑,4754570,2678,498060280,105,105.5,104,104.5,-1,-0.95,13.47
2018/5/3,2002,中鋼,14031200,6137,327360372,23.5,23.55,23.25,23.25,-0.4,-1.69,21.33
2018/5/3,2330,台積電,33507731,12287,7399813831,221,222.5,220,220.5,-2.5,-1.12,16.57
2018/5/4,1101,台泥,7868494,2896,312494105,39.6,40.1,39.5,39.55,0.15,0.38,22.09
2018/5/4,1301,台塑,6177324,3322,654553020,104.5,106.5,104.5,105,0.5,0.48,13.53
2018/5/4,2002,中鋼,10702921,3822,248951271,23.25,23.35,23.2,23.25,0,0,21.33
2018/5/4,2330,台積電,28477722,8445,6330594053,221,224,220.5,223,2.5,1.13,16.75
2018/5/7,1101,台泥,20945014,6807,853458441,40,41.35,40,40.4,0.85,2.15,22.57
2018/5/7,1301,台塑,3121908,1727,329272779,105.5,106,105,105.5,0.5,0.48,13.6
2018/5/7,2002,中鋼,7354779,3164,171086103,23.3,23.35,23.2,23.25,0,0,21.33
2018/5/7,2330,台積電,23751759,8951,5309421525,225,225.5,221.5,223.5,0.5,0.22,16.79
2018/5/8,1101,台泥,14905884,6041,606762967,40.4,41.2,40,40.8,0.4,0.99,22.79
2018/5/8,1301,台塑,4950698,2669,521482790,105,106,105,105.5,0,0,13.6
2018/5/8,2002,中鋼,7965063,2336,186050955,23.25,23.4,23.2,23.4,0.15,0.65,21.47
2018/5/8,2330,台積電,40324763,13229,9146327464,224,228.5,223.5,228,4.5,2.01,17.13
2018/5/9,1101,台泥,9035573,3575,366669510,40.7,40.75,40.4,40.6,-0.2,-0.49,22.68
2018/5/9,1301,台塑,4880716,2580,516677680,105.5,106.5,105,105.5,0,0,13.6
2018/5/9,2002,中鋼,7171480,3340,167642707,23.4,23.5,23.25,23.45,0.05,0.21,21.51
2018/5/9,2330,台積電,35597934,12616,8188991070,228.5,232,228.5,229.5,1.5,0.66,17.24
2018/5/10,1101,台泥,15625626,4712,642239966,40.8,41.3,40.6,41.1,0.5,1.23,22.96
2018/5/10,1301,台塑,5361742,2553,567793652,106,106.5,105.5,106,0.5,0.47,13.14
2018/5/10,2002,中鋼,9925427,3223,232763528,23.45,23.5,23.35,23.45,0,0,20.39
2018/5/10,2330,台積電,27530377,11051,6337230710,231,231.5,229,229.5,0,0,17.24
2018/5/11,1101,台泥,12440124,4571,511905979,41.15,41.45,40.85,41.25,0.15,0.36,23.04
2018/5/11,1301,台塑,8643455,4491,928977887,106.5,108.5,106,108.5,2.5,2.36,13.44
2018/5/11,2002,中鋼,7657983,3303,179987340,23.5,23.55,23.4,23.55,0.1,0.43,20.48
2018/5/11,2330,台積電,30693910,11920,7138428530,232,234,230.5,233,3.5,1.53,17.51
2018/5/14,1101,台泥,23707140,7725,1010774220,41.9,43.25,41.9,43.15,1.9,4.61,24.11
2018/5/14,1301,台塑,11890971,5025,1310201310,108.5,111,108,111,2.5,2.3,13.75
2018/5/14,2002,中鋼,8153353,3597,192113260,23.55,23.6,23.5,23.5,-0.05,-0.21,20.43
2018/5/14,2330,台積電,23577637,7666,5502726121,234.5,234.5,232.5,233,0,0,17.51
2018/5/15,1101,台泥,26030050,9937,1122925834,43.2,43.95,42.5,43.5,0.35,0.81,19
2018/5/15,1301,台塑,13939319,5352,1551044372,112,112.5,110,110.5,-0.5,-0.45,13.69
2018/5/15,2002,中鋼,8962211,3035,209725399,23.4,23.5,23.3,23.35,-0.15,-0.64,20.3
2018/5/15,2330,台積電,23771769,7810,5493470187,233.5,234,229.5,230.5,-2.5,-1.07,17.32
2018/5/16,1101,台泥,60209452,19265,2770822913,46.9,47.3,44.85,45.9,2.4,5.52,20.04
2018/5/16,1301,台塑,10022250,2836,1111753860,111,111.5,110,111,0.5,0.45,13.75
2018/5/16,2002,中鋼,7551768,2697,177119634,23.4,23.55,23.35,23.5,0.15,0.64,20.43
2018/5/16,2330,台積電,14834107,5398,3408682013,229.5,230.5,228.5,230.5,0,0,17.32
2018/5/17,1101,台泥,27428210,10539,1258378634,46.35,46.4,45.5,45.65,-0.25,-0.54,19.93
2018/5/17,1301,台塑,8633032,2867,967717552,111.5,113.5,110.5,111.5,0.5,0.45,13.82
2018/5/17,2002,中鋼,7803711,3139,182604513,23.5,23.55,23.35,23.35,-0.15,-0.64,20.3
2018/5/17,2330,台積電,27702737,8428,6322484836,231,231.5,226.5,226.5,-4,-1.74,17.02
2018/5/18,1101,台泥,22078870,7717,1008417223,46,46.15,45.1,45.55,-0.1,-0.22,19.89
2018/5/18,1301,台塑,7124197,4181,799336940,112,113.5,111.5,112,0.5,0.45,13.88
2018/5/18,2002,中鋼,4987428,2387,116606159,23.35,23.45,23.35,23.4,0.05,0.21,20.35
2018/5/18,2330,台積電,28187541,9720,6327474145,225.5,227.5,223.5,223.5,-3,-1.32,16.79
2018/5/21,1101,台泥,19099961,6986,877316882,46,46.35,45.4,46,0.45,0.99,20.09
2018/5/21,1301,台塑,5285794,2349,592796928,112,113,111.5,112.5,0.5,0.45,13.94
2018/5/21,2002,中鋼,7056113,2852,165384478,23.4,23.55,23.4,23.4,0,0,20.35
2018/5/21,2330,台積電,16417815,7591,3751438835,225,230,225,229,5.5,2.46,17.21
2018/5/22,1101,台泥,13590676,6242,621148745,46,46.05,45.35,45.6,-0.4,-0.87,19.91
2018/5/22,1301,台塑,8132291,3649,899010841,112,112.5,109.5,109.5,-3,-2.67,13.57
2018/5/22,2002,中鋼,8956787,3170,209253004,23.4,23.45,23.3,23.3,-0.1,-0.43,20.26
2018/5/22,2330,台積電,22422097,6963,5175634112,230,233.5,229,229,0,0,17.21
2018/5/23,1101,台泥,24617785,7966,1086983930,45.65,45.7,43.7,44.1,-1.5,-3.29,19.26
2018/5/23,1301,台塑,5968585,3141,654986850,110,111,108.5,110,0.5,0.46,13.63
2018/5/23,2002,中鋼,12801148,4876,298503242,23.45,23.45,23.2,23.2,-0.1,-0.43,20.17
2018/5/23,2330,台積電,26737899,5059,6146178621,231.5,231.5,228.5,228.5,-0.5,-0.22,17.17
2018/5/24,1101,台泥,17006028,5676,750317522,44.6,44.75,43.8,44.75,0.65,1.47,19.54
2018/5/24,1301,台塑,4828420,2668,530417896,110.5,111,109,111,1,0.91,13.75
2018/5/24,2002,中鋼,8348394,2832,194381158,23.3,23.35,23.25,23.25,0.05,0.22,20.22
2018/5/24,2330,台積電,13450610,4240,3082675140,229.5,230,228.5,229,0.5,0.22,17.21
2018/5/25,1101,台泥,18412889,6684,811713542,45.1,45.1,43.9,43.9,-0.85,-1.9,19.17
2018/5/25,1301,台塑,6144110,2579,672653409,110,111,108.5,108.5,-2.5,-2.25,13.44
2018/5/25,2002,中鋼,7215569,3781,168252071,23.25,23.35,23.25,23.35,0.1,0.43,20.3
2018/5/25,2330,台積電,16486294,5474,3769909946,228.5,229.5,228,228.5,-0.5,-0.22,17.17
2018/5/28,1101,台泥,18488980,5746,813349752,44.2,44.3,43.85,43.95,0.05,0.11,19.19
2018/5/28,1301,台塑,6353279,3233,695032525,108.5,110,108.5,110,1.5,1.38,13.63
2018/5/28,2002,中鋼,9633771,3930,225484068,23.4,23.45,23.35,23.4,0.05,0.21,20.35
2018/5/28,2330,台積電,17673270,7239,4020203060,229.5,230,226.5,227,-1.5,-0.66,17.05
2018/5/29,1101,台泥,20592864,8491,890206572,44,44,42.95,43.4,-0.55,-1.25,18.95
2018/5/29,1301,台塑,6127574,3504,672837835,109.5,110,109,110,0,0,13.63
2018/5/29,2002,中鋼,9473067,4223,221464497,23.4,23.4,23.35,23.4,0,0,20.35
2018/5/29,2330,台積電,25770776,11400,5782293276,226.5,226.5,223.5,225,-2,-0.88,16.9
2018/5/30,1101,台泥,23082329,8345,1010454904,43.3,44.25,42.9,43.75,0.35,0.81,19.1
2018/5/30,1301,台塑,12668712,6124,1372039993,109.5,109.5,107.5,108.5,-1.5,-1.36,13.44
2018/5/30,2002,中鋼,21958794,9335,510243507,23.3,23.35,23.2,23.2,-0.2,-0.85,20.17
2018/5/30,2330,台積電,49667788,21406,10997306304,224,224,220.5,221,-4,-1.78,16.6
2018/5/31,1101,台泥,27391593,5011,1197254938,44.25,44.25,43.45,43.6,-0.15,-0.34,19.04
2018/5/31,1301,台塑,26004884,5086,2816539972,109.5,111,107.5,107.5,-1,-0.92,13.32
2018/5/31,2002,中鋼,44707664,6811,1051914958,23.25,23.6,23.2,23.6,0.4,1.72,20.52
2018/5/31,2330,台積電,96587458,12737,21553655265,221.5,224,220.5,224,3,1.36,16.83
2018/6/1,1101,台泥,10995571,6835,480288386,43.7,44.15,43.5,43.75,0.15,0.34,19.1
2018/6/1,1301,台塑,5936759,4101,646073731,108,109.5,108,109.5,2,1.86,13.57
2018/6/1,2002,中鋼,23059659,8208,545923972,23.6,23.8,23.5,23.75,0.15,0.64,20.65
2018/6/1,2330,台積電,36652094,7627,8209412370,224.5,226.5,224,224,0,0,16.83
2018/6/4,1101,台泥,23719486,8097,1069841205,44.15,45.7,43.85,45.65,1.9,4.34,19.93
2018/6/4,1301,台塑,6788420,3544,746326700,110,111,109,110.5,1,0.91,13.69
2018/6/4,2002,中鋼,37769494,14167,907117520,23.75,24.2,23.75,24.2,0.45,1.89,21.04
2018/6/4,2330,台積電,31257480,9746,7131988670,227.5,229,227,229,5,2.23,17.21
2018/6/5,1101,台泥,17856351,6012,804312936,45.7,45.7,44.45,45.2,-0.45,-0.99,19.74
2018/6/5,1301,台塑,4693707,1791,515260563,110.5,110.5,109,109.5,-1,-0.9,13.57
2018/6/5,2002,中鋼,24558357,10092,595265068,24.2,24.35,24.15,24.3,0.1,0.41,21.13
2018/6/5,2330,台積電,27714384,8509,6329201896,230,230,226.5,229,0,0,17.21
2018/6/6,1101,台泥,11187817,4401,500504179,45,45,44.5,44.8,-0.4,-0.88,19.56
2018/6/6,1301,台塑,6243650,3042,682092651,109,110,108.5,109.5,0,0,13.57
2018/6/6,2002,中鋼,14775395,5438,357931116,24.25,24.3,24.15,24.25,-0.05,-0.21,21.09
2018/6/6,2330,台積電,30375441,9758,6961135060,229,230,227,230,1,0.44,17.28
2018/6/7,1101,台泥,7721227,3551,345597842,45.1,45.25,44.65,44.75,-0.05,-0.11,19.54
2018/6/7,1301,台塑,7830254,2811,859362793,110.5,111,109,110,0.5,0.46,13.63
2018/6/7,2002,中鋼,19842751,6814,482937927,24.4,24.4,24.2,24.4,0.15,0.62,21.22
2018/6/7,2330,台積電,25277266,9146,5809345446,231,231.5,228,230,0,0,17.28
2018/6/8,1101,台泥,12886568,4956,576828457,44.65,45.15,44.35,45,0.25,0.56,19.65
2018/6/8,1301,台塑,8887873,4071,964562202,109.5,110,107.5,108.5,-1.5,-1.36,13.44
2018/6/8,2002,中鋼,12039235,3874,292035955,24.2,24.4,24.15,24.4,0,0,21.22
2018/6/8,2330,台積電,24192851,7775,5493234408,229,229,226,227,-3,-1.3,17.05
2018/6/11,1101,台泥,9317590,4865,414999800,45.15,45.15,44.3,44.6,-0.4,-0.89,19.48
2018/6/11,1301,台塑,7051287,3021,764375623,108.5,109,107.5,109,0.5,0.46,13.51
2018/6/11,2002,中鋼,10361945,3485,250086654,24.3,24.4,24,24.1,-0.3,-1.23,20.96
2018/6/11,2330,台積電,22028933,6726,4980629259,226.5,227,225,226,-1,-0.44,16.98
2018/6/12,1101,台泥,12668353,5722,564455196,44.7,44.8,44.4,44.5,-0.1,-0.22,19.43
2018/6/12,1301,台塑,10121569,3592,1092457650,108,108.5,107.5,107.5,-1.5,-1.38,13.32
2018/6/12,2002,中鋼,13903846,4693,335070857,24,24.2,23.95,24.15,0.05,0.21,21
2018/6/12,2330,台積電,30189360,8281,6837374510,225,229,224,229,3,1.33,17.21
2018/6/13,1101,台泥,11705098,5693,528213617,45,45.6,44.45,45.45,0.95,2.13,19.85
2018/6/13,1301,台塑,11520074,4401,1232904940,108,108,106,107.5,0,0,13.32
2018/6/13,2002,中鋼,10150093,3449,244249583,24.05,24.1,24,24.05,-0.1,-0.41,20.91
2018/6/13,2330,台積電,36081120,10687,8311856296,229,232,228,232,3,1.31,17.43
2018/6/14,1101,台泥,10842221,5033,488747105,45,45.35,44.85,44.9,-0.55,-1.21,19.61
2018/6/14,1301,台塑,9957621,3107,1066593122,107,108,106.5,106.5,-1,-0.93,13.2
2018/6/14,2002,中鋼,18303968,7930,434815059,23.9,23.95,23.6,23.7,-0.35,-1.46,20.61
2018/6/14,2330,台積電,36932041,12252,8423126398,230,230,226.5,226.5,-5.5,-2.37,17.02
2018/6/15,1101,台泥,22298642,8070,1006223770,45.1,45.7,44.6,45.25,0.35,0.78,19.76
2018/6/15,1301,台塑,18897718,4066,1999653608,107,107,105,106,-0.5,-0.47,13.14
2018/6/15,2002,中鋼,29040578,4923,687390414,23.7,23.8,23.6,23.65,-0.05,-0.21,20.57
2018/6/15,2330,台積電,49506679,10090,11291127719,225,231,224,231,4.5,1.99,17.36
